"","date","Power","Ground Transport","Industry","Residential","Domestic Aviation"
"1",2019-01-01,3.96284548,3.34768386,2.85204032,2.6149025,0.3800745
"2",2019-01-02,4.61727909,4.30080234,3.13384969,3.14840803,0.47286197
"3",2019-01-03,4.44404084,4.43342908,3.06527693,2.96043031,0.50947822
"4",2019-01-04,4.35283876,4.60368151,3.03824338,2.79716832,0.49637711
"5",2019-01-05,4.0272477,4.44686059,2.90261915,2.58514392,0.44707108
"6",2019-01-06,3.4445967,3.96880923,2.60030377,2.48421187,0.42704009
"7",2019-01-07,3.88099664,4.26912343,2.77005101,2.55272394,0.44961106
"8",2019-01-08,3.78551002,4.26710161,2.79047099,2.30234711,0.47726871
"9",2019-01-09,4.32626847,4.28941858,2.94202467,2.74166334,0.4692603
"10",2019-01-10,4.81887001,4.41066771,3.05827523,3.3135507,0.53256757
"11",2019-01-11,4.95009557,4.57694559,3.0243047,3.38311405,0.4014955
"12",2019-01-12,4.57084736,4.41492535,2.89732788,3.2952266,0.40284733
"13",2019-01-13,4.8303821,3.94068733,3.03434489,3.36206994,0.36357753
"14",2019-01-14,5.38319021,4.28916676,3.25410089,3.50952341,0.43888081
"15",2019-01-15,5.3436916,4.2636954,3.16468524,3.42443761,0.45926881
"16",2019-01-16,5.27939459,4.31236443,3.05256866,3.14947409,0.42321583
"17",2019-01-17,5.19529019,4.43703691,3.05931887,3.06748573,0.48485585
"18",2019-01-18,4.56661688,4.58915663,2.82430678,2.92995186,0.50216828
"19",2019-01-19,4.42127,4.43384219,2.88395566,3.04008622,0.39836755
"20",2019-01-20,4.99768434,3.98070215,3.11405786,3.5575851,0.3321798
"21",2019-01-21,5.51117673,4.24446384,3.0995019,4.34697683,0.41815045
"22",2019-01-22,5.38616969,4.2739258,2.99630718,3.78758449,0.46976958
"23",2019-01-23,5.08004848,4.35474981,3.12577069,3.0648221,0.45598118
"24",2019-01-24,4.85939803,4.4941935,3.09201656,2.91248339,0.49540436
"25",2019-01-25,5.28618807,4.63928651,3.26254369,3.6528526,0.49708619
"26",2019-01-26,5.04798448,4.46677545,3.12717484,3.72332782,0.41993841
"27",2019-01-27,4.66893218,3.96155893,2.95026257,3.39988956,0.37738272
"28",2019-01-28,4.7371931,4.23311673,2.91446538,3.29802779,0.40486694
"29",2019-01-29,5.48141939,4.2193901,3.28362929,3.67536368,0.44710485
"30",2019-01-30,6.0203293,4.17794819,3.44812611,4.34608659,0.45007103
"31",2019-01-31,6.08211967,4.29154482,3.40420388,4.65287942,0.4791989
"32",2019-02-01,5.28014468,4.45245007,2.9401287,3.93688388,0.49987638
"33",2019-02-02,4.06348544,4.31371723,2.65459846,3.26448631,0.42618935
"34",2019-02-03,3.53498867,3.86047464,2.45604534,2.42070366,0.37615019
"35",2019-02-04,3.9769366,4.30235841,2.6497849,2.24094326,0.42860212
"36",2019-02-05,4.38678746,4.2418559,2.79615004,2.46437675,0.48090447
"37",2019-02-06,4.42195912,4.37610383,2.78420039,2.57220685,0.47687293
"38",2019-02-07,4.36502675,4.49751754,2.84185696,2.6206343,0.49254769
"39",2019-02-08,4.72863305,4.62015493,3.089174,3.3453369,0.50528518
"40",2019-02-09,4.70885932,4.45493182,3.07330464,3.8744632,0.4199966
"41",2019-02-10,4.705998,4.00639524,3.01556051,3.61819788,0.3806158
"42",2019-02-11,4.69118527,4.36259475,2.91884604,3.175007,0.44699115
"43",2019-02-12,4.43922998,4.3276517,2.90570496,2.98332,0.45368013
"44",2019-02-13,4.26171748,4.46164499,2.84003447,3.10806037,0.47668336
"45",2019-02-14,4.11894701,4.61766395,2.82718036,2.70807157,0.51562184
"46",2019-02-15,4.11096195,4.72536473,2.87822704,2.62584356,0.53544032
"47",2019-02-16,4.301233,4.53024664,2.92497542,3.10488755,0.44926653
"48",2019-02-17,4.22643563,3.9455837,2.86425529,3.3195886,0.37962869
"49",2019-02-18,4.7982434,4.23947704,3.06179099,3.36275961,0.45699533
"50",2019-02-19,5.24871454,4.25887076,3.27352611,3.72191517,0.50405841
"51",2019-02-20,4.86789727,4.38327209,3.07953937,3.41171722,0.47310379
"52",2019-02-21,4.52576388,4.51533107,2.97216354,2.97073864,0.51077298
"53",2019-02-22,4.63402326,4.64274226,3.04587283,2.90129656,0.51878033
"54",2019-02-23,3.93117937,4.46719036,2.7732087,2.78686913,0.44074567
"55",2019-02-24,3.86512451,3.95293073,2.81328797,2.65010326,0.4099216
"56",2019-02-25,4.40672114,4.4076057,2.98417441,3.17469864,0.46041426
"57",2019-02-26,4.6393179,4.33146179,3.02966476,3.20792281,0.50046051
"58",2019-02-27,4.60422246,4.36040464,3.02823428,3.10176222,0.50953679
"59",2019-02-28,4.60183526,4.46027495,3.08210342,3.23274085,0.52425267
"60",2019-03-01,4.71702062,4.17597886,3.09054645,3.0309549,0.48976842
"61",2019-03-02,4.44631864,4.02163074,2.93639317,2.84154212,0.42388814
"62",2019-03-03,4.40051547,3.53745276,2.92918749,3.06730415,0.39000019
"63",2019-03-04,5.35514598,3.92205275,3.32732747,3.72664789,0.43570988
"64",2019-03-05,5.50536739,3.84396565,3.35437208,3.88702384,0.47430771
"65",2019-03-06,5.27837815,3.93646844,3.17095913,3.70980791,0.48675918
"66",2019-03-07,4.93282905,4.05959588,2.99805583,3.31539287,0.50143861
"67",2019-03-08,4.61592277,4.4769834,2.92488944,2.91197097,0.50654434
"68",2019-03-09,3.75068855,4.29635193,2.65179757,2.56406699,0.43866869
"69",2019-03-10,3.41400621,3.80307539,2.63872325,2.31872821,0.44167069
"70",2019-03-11,4.21581423,4.37466999,2.91371842,2.31882612,0.46564968
"71",2019-03-12,3.9355261,4.15688587,2.73067615,2.3725153,0.48909831
"72",2019-03-13,3.74882309,4.19896969,2.67290603,2.16457903,0.48026887
"73",2019-03-14,3.56753777,4.30309698,2.64468847,1.71070341,0.48430823
"74",2019-03-15,3.64807814,4.72779187,2.71048073,1.83274745,0.51449257
"75",2019-03-16,3.76257286,4.53277086,2.82009296,2.30108181,0.45160838
"76",2019-03-17,3.81771917,4.07008634,2.81824514,2.52213173,0.43845684
"77",2019-03-18,4.24151759,4.52959415,2.94140854,2.47212398,0.47217479
"78",2019-03-19,4.0496857,4.49565628,2.8309239,2.37148207,0.49045254
"79",2019-03-20,4.06066319,4.53504782,2.86443379,2.23853555,0.49974979
"80",2019-03-21,4.06982157,4.63018989,2.89729202,2.10901749,0.51640512
"81",2019-03-22,3.71646319,5.03431854,2.71679865,2.12960948,0.50875964
"82",2019-03-23,3.4050335,4.81480583,2.61879303,2.21400437,0.44906053
"83",2019-03-24,3.41542525,4.35206176,2.65288772,1.93663108,0.43515479
"84",2019-03-25,3.87533342,4.90566975,2.87797779,1.86796694,0.45696062
"85",2019-03-26,3.85741673,4.87478155,2.81299572,2.23799797,0.48672317
"86",2019-03-27,3.5459801,4.82514319,2.61763177,2.12449609,0.51149712
"87",2019-03-28,3.46130462,4.89161461,2.64928526,1.75083408,0.52440103
"88",2019-03-29,3.50810301,4.96170908,2.65504576,1.59820093,0.52100965
"89",2019-03-30,3.1049386,4.74115233,2.51501235,1.61253508,0.45108886
"90",2019-03-31,3.47748865,4.3465425,2.69785003,2.14463412,0.44097868
"91",2019-04-01,3.94206547,4.54873449,3.041452,2.45612385,0.46673671
"92",2019-04-02,3.87450996,4.52890352,2.89905745,2.14605088,0.50030443
"93",2019-04-03,3.60842754,4.54146409,2.79792588,1.75294996,0.50075526
"94",2019-04-04,3.71532094,4.63180958,2.96824136,1.59448322,0.50636357
"95",2019-04-05,3.69098281,4.72522637,2.87317514,1.70903959,0.51656454
"96",2019-04-06,3.28694379,4.51684587,2.75125737,1.40469569,0.43283891
"97",2019-04-07,3.12359866,4.07719658,2.69443138,1.10695977,0.41329627
"98",2019-04-08,3.7181657,4.56074296,2.93615905,0.91007072,0.47217476
"99",2019-04-09,3.54363678,4.55428804,2.80083461,1.09442967,0.49986358
"100",2019-04-10,3.30978935,4.53716096,2.6266488,1.47677562,0.53494101
"101",2019-04-11,3.40825654,4.61775165,2.70748619,1.63006343,0.36383071
"102",2019-04-12,3.49755062,4.68823195,2.70729376,1.4758541,0.52181753
"103",2019-04-13,3.23742555,4.45865084,2.58725617,1.35548303,0.42171211
"104",2019-04-14,3.21748085,4.08326659,2.62410228,1.50228238,0.39404678
"105",2019-04-15,3.31843153,4.51536725,2.63971175,1.56438676,0.47211799
"106",2019-04-16,3.37321693,4.51565411,2.70254904,1.40604552,0.50587524
"107",2019-04-17,3.26404947,4.52158926,2.72519538,1.14997408,0.50856689
"108",2019-04-18,3.27261907,4.62944769,2.68052892,1.06985074,0.50408487
"109",2019-04-19,3.23245923,4.71942164,2.72787241,1.16384919,0.49362623
"110",2019-04-20,2.78824318,4.51719274,2.51776926,1.26765408,0.42025552
"111",2019-04-21,2.55978688,4.0832608,2.38529216,1.19985054,0.39048842
"112",2019-04-22,3.17476044,4.54668216,2.69577929,1.03725678,0.47923736
"113",2019-04-23,3.50352078,4.52420137,2.8343987,0.92035649,0.5029601
"114",2019-04-24,3.71854973,4.52251972,2.9505123,1.04277987,0.50000884
"115",2019-04-25,3.56142555,4.62152511,2.88978799,1.04834517,0.52076101
"116",2019-04-26,3.32440156,4.71579897,2.73803606,1.09561712,0.51034536
"117",2019-04-27,2.97178093,4.51807246,2.59848425,1.36550255,0.434482
"118",2019-04-28,3.05488926,4.0869982,2.62026688,1.48787584,0.43114388
"119",2019-04-29,3.58476915,4.533459,2.86322161,1.46449267,0.47569833
"120",2019-04-30,3.81327762,4.52380478,2.93336831,1.31905708,0.49376355
"121",2019-05-01,3.91781918,4.92881579,2.85826452,1.20124652,0.51616888
"122",2019-05-02,3.8880322,5.03209773,2.8216693,1.10440227,0.51931303
"123",2019-05-03,3.90897827,5.12702768,2.81336405,1.15100387,0.52166936
"124",2019-05-04,3.68269326,4.90060641,2.70347926,1.07576261,0.43786025
"125",2019-05-05,3.32670832,4.44853229,2.53701502,1.04121104,0.43321394
"126",2019-05-06,3.69146437,4.33104334,2.69518228,0.94819376,0.48585213
"127",2019-05-07,3.77680212,4.45020582,2.75684049,1.00443466,0.51041626
"128",2019-05-08,3.67986878,4.45680609,2.66112255,1.01822143,0.4963671
"129",2019-05-09,3.71117835,4.57478899,2.6784483,1.03828071,0.52619859
"130",2019-05-10,3.86903282,4.70491521,2.75185965,1.12646468,0.51786434
"131",2019-05-11,3.42642106,4.48353911,2.63504485,1.14435297,0.4329571
"132",2019-05-12,3.32661746,4.11763035,2.5768848,1.33993652,0.39766312
"133",2019-05-13,3.7217345,4.27299051,2.705316,1.38592401,0.46886984
"134",2019-05-14,3.75734407,4.41956702,2.73879959,1.28470756,0.52326527
"135",2019-05-15,3.82604793,4.51675678,2.80389561,1.03000627,0.51959506
"136",2019-05-16,3.69429189,4.55753414,2.72803051,0.78720796,0.54786948
"137",2019-05-17,3.67036733,4.81214689,2.66337127,0.81767229,0.54764354
"138",2019-05-18,3.57225019,4.57331713,2.63544706,0.8677044,0.43663391
"139",2019-05-19,3.61306185,4.11444803,2.67070321,0.83311534,0.45311767
"140",2019-05-20,3.98164617,4.40853367,2.66887652,0.94324089,0.502719
"141",2019-05-21,3.78157044,4.49773737,2.67819405,1.08395353,0.52577814
"142",2019-05-22,3.99335774,4.58547746,2.72513021,0.91171596,0.53937923
"143",2019-05-23,4.1831328,4.54402114,2.82696649,0.77948568,0.54547774
"144",2019-05-24,4.22671625,4.89794696,2.82175976,0.76379498,0.5554764
"145",2019-05-25,3.8521279,4.68762406,2.65708709,0.72700397,0.46124469
"146",2019-05-26,3.921075,4.42859491,2.55841596,0.70147942,0.3811012
"147",2019-05-27,3.8517104,4.12037789,2.59542523,0.74891646,0.43648627
"148",2019-05-28,4.43146013,4.66005327,2.85179959,0.78423928,0.48609222
"149",2019-05-29,4.65644253,4.6939752,2.97422227,0.79271796,0.5016071
"150",2019-05-30,4.67906144,4.72282968,3.01315652,0.71920457,0.54101789
"151",2019-05-31,4.60036516,5.06120095,2.99591538,0.64145333,0.54826766
"152",2019-06-01,4.1994179,4.62909341,2.6117685,0.73296226,0.4455494
"153",2019-06-02,4.12395783,4.27242835,2.59149597,0.77822757,0.41741095
"154",2019-06-03,4.30541673,4.67026913,2.6933872,0.88406502,0.47510582
"155",2019-06-04,4.360478,4.55458234,2.68773895,0.84723307,0.51185835
"156",2019-06-05,4.77560382,4.50367016,2.85033711,0.69056487,0.50926254
"157",2019-06-06,4.84708198,4.76734483,2.85700212,0.70547979,0.53003564
"158",2019-06-07,4.562832,5.01379272,2.77525272,0.71701178,0.52870144
"159",2019-06-08,3.88776841,4.76240093,2.60033557,0.72181981,0.45716641
"160",2019-06-09,3.72765886,4.25583072,2.54135689,0.72568264,0.42781237
"161",2019-06-10,4.3466906,4.50980954,2.76524922,0.7077491,0.4699063
"162",2019-06-11,4.35469712,4.54881033,2.72424297,0.69300153,0.52672036
"163",2019-06-12,4.09806843,4.5803805,2.68490454,0.7060091,0.53937256
"164",2019-06-13,3.98156117,4.65765806,2.6079876,0.86160746,0.5489483
"165",2019-06-14,3.6242288,4.96153851,2.43717895,0.79530501,0.54176708
"166",2019-06-15,3.77734661,4.76002815,2.52004676,0.69128739,0.46292012
"167",2019-06-16,4.05358118,4.1967487,2.5961134,0.73572455,0.44245035
"168",2019-06-17,4.80584272,4.46327217,2.82510753,0.72679377,0.49020702
"169",2019-06-18,4.93941338,4.4738999,2.84059524,0.68198965,0.52320093
"170",2019-06-19,5.02795665,4.56105925,2.87366204,0.68016091,0.52670617
"171",2019-06-20,4.81992974,4.56598466,2.74067495,0.71591498,0.5370231
"172",2019-06-21,4.45995409,4.82580881,2.68825069,0.73102935,0.55199103
"173",2019-06-22,4.13844485,4.676516,2.5756027,0.71752786,0.46468641
"174",2019-06-23,4.18683881,4.27553723,2.61490398,0.69796326,0.44979263
"175",2019-06-24,4.79077968,4.53477429,2.75877298,0.68039426,0.48109017
"176",2019-06-25,4.98977122,4.54257329,2.77692155,0.67004953,0.52009473
"177",2019-06-26,5.19716417,4.59358068,2.8592876,0.66626384,0.52475948
"178",2019-06-27,5.31555925,4.67217035,2.80375435,0.67067362,0.53529088
"179",2019-06-28,5.40730223,4.88151437,2.85245285,0.66557012,0.52168908
"180",2019-06-29,5.24193382,4.72761029,2.81551821,0.65374689,0.4543761
"181",2019-06-30,5.05111625,4.31132196,2.72241214,0.64648329,0.43251976
"182",2019-07-01,5.4473715,4.46848253,2.56855495,0.65478996,0.44878667
"183",2019-07-02,5.61073872,4.48468263,2.62792485,0.66685087,0.47151651
"184",2019-07-03,5.51750578,4.55205386,2.60870026,0.67279463,0.4893428
"185",2019-07-04,5.03258328,4.11895277,2.47424997,0.66486044,0.40275861
"186",2019-07-05,5.30718658,4.87765149,2.58300792,0.66241063,0.38012247
"187",2019-07-06,5.22685275,4.71159854,2.59207993,0.66404286,0.41391519
"188",2019-07-07,5.12709733,4.34110742,2.61909764,0.66600334,0.44368341
"189",2019-07-08,5.36568442,4.53124594,2.66918897,0.66775702,0.49189032
"190",2019-07-09,5.51947737,4.51858116,2.71301427,0.66226225,0.52822348
"191",2019-07-10,5.82084379,4.57267745,2.80075694,0.6513273,0.51728663
"192",2019-07-11,5.88924553,4.68981463,2.82939033,0.64698823,0.511019
"193",2019-07-12,5.61908826,4.91963321,2.78984436,0.64799308,0.52410977
"194",2019-07-13,5.56892083,4.74467635,2.76480641,0.64770933,0.45025021
"195",2019-07-14,5.53808882,4.33766537,2.72188757,0.64762546,0.4322821
"196",2019-07-15,5.92848236,4.52011283,2.80092008,0.64610569,0.47577758
"197",2019-07-16,6.06557076,4.51945206,2.79543392,0.64847441,0.52014104
"198",2019-07-17,6.02699608,4.64252941,2.79281969,0.65080915,0.52346326
"199",2019-07-18,5.83764719,4.63967384,2.73947983,0.65289362,0.52745526
"200",2019-07-19,6.01660424,4.96815742,2.77992799,0.65983255,0.54064661
"201",2019-07-20,5.72258502,4.80052103,2.6972015,0.65819581,0.45907644
"202",2019-07-21,5.71439703,4.37055674,2.71316693,0.65164577,0.45306692
"203",2019-07-22,5.68871594,4.55634258,2.72074818,0.64617211,0.47548472
"204",2019-07-23,5.35764614,4.55240523,2.71416856,0.64727725,0.51429407
"205",2019-07-24,5.24232531,4.68290246,2.70420131,0.64831467,0.53473989
"206",2019-07-25,5.0704905,4.62130053,2.66393144,0.6464436,0.53480699
"207",2019-07-26,5.14987786,4.96420775,2.69352951,0.64586075,0.53267222
"208",2019-07-27,5.08773409,4.80201085,2.68591497,0.64601796,0.4635825
"209",2019-07-28,5.13776747,4.44222018,2.6886769,0.64560419,0.44865391
"210",2019-07-29,5.78101836,4.62317723,2.8419495,0.64750591,0.47600235
"211",2019-07-30,5.83450311,4.57592109,2.86903367,0.65242081,0.50473464
"212",2019-07-31,5.5385237,4.68001871,2.80543461,0.64950235,0.52009757
"213",2019-08-01,5.44416802,4.82410369,2.8527433,0.67278344,0.52781337
"214",2019-08-02,5.35507494,5.04269857,2.85326479,0.67118922,0.51624881
"215",2019-08-03,5.27169514,4.89883881,2.82045851,0.6687171,0.45615197
"216",2019-08-04,5.31243193,4.38832656,2.86660649,0.66789196,0.44818413
"217",2019-08-05,5.73416327,4.57387201,2.9842409,0.67021422,0.47584145
"218",2019-08-06,5.8677667,4.60644897,3.0459539,0.66954709,0.51107549
"219",2019-08-07,5.77088966,4.78749961,2.90439661,0.67087227,0.50785274
"220",2019-08-08,5.66528076,4.50317117,2.80865048,0.67719665,0.52216647
"221",2019-08-09,5.59459318,4.98656134,2.80405929,0.67521526,0.52714436
"222",2019-08-10,5.12528135,4.81311197,2.67579481,0.6798492,0.46015911
"223",2019-08-11,5.0334061,4.40350642,2.65241779,0.68428302,0.43991149
"224",2019-08-12,5.79305245,4.58224529,2.88907018,0.67650648,0.48221101
"225",2019-08-13,6.04593894,4.58366449,2.94545138,0.6718959,0.50574618
"226",2019-08-14,5.90228803,4.69828201,2.895103,0.67136496,0.51108133
"227",2019-08-15,5.7307616,4.69475083,2.86839018,0.66963636,0.51751134
"228",2019-08-16,5.52544745,5.02055563,2.80939284,0.67284407,0.5210337
"229",2019-08-17,5.22841452,4.84997121,2.70925348,0.67829206,0.45137656
"230",2019-08-18,5.28324612,4.41440944,2.70656017,0.68011529,0.43264047
"231",2019-08-19,5.95805465,4.59599447,2.87388408,0.67411377,0.47009801
"232",2019-08-20,5.92663034,4.58815458,2.9047653,0.67242911,0.49440644
"233",2019-08-21,5.84203805,4.71694771,2.85419686,0.67526767,0.50655047
"234",2019-08-22,5.68610233,4.65306817,2.83609272,0.68971793,0.52453663
"235",2019-08-23,5.07352827,5.0039219,2.68469066,0.69304932,0.51149949
"236",2019-08-24,4.38914579,4.83898739,2.53912189,0.70815453,0.44770476
"237",2019-08-25,4.24632766,4.38847433,2.49149987,0.69547419,0.41531731
"238",2019-08-26,4.80173031,4.57112978,2.67509955,0.70666166,0.45956673
"239",2019-08-27,4.89985571,4.58094288,2.64730617,0.70810422,0.49132506
"240",2019-08-28,5.04323109,4.73053381,2.71855944,0.68697213,0.50513312
"241",2019-08-29,4.90262758,4.61317737,2.68194985,0.67689478,0.52084236
"242",2019-08-30,4.89787626,5.00681059,2.62832371,0.68815258,0.52393447
"243",2019-08-31,4.51582325,4.84230948,2.56218058,0.7074739,0.44048418
"244",2019-09-01,4.54850249,4.57067774,2.77355378,0.61639787,0.35153098
"245",2019-09-02,4.78055895,4.40752661,2.83451145,0.59366687,0.4275243
"246",2019-09-03,5.18292891,4.40837459,2.94368094,0.5950728,0.44408177
"247",2019-09-04,5.49391323,4.5469265,3.05685346,0.60405263,0.48332539
"248",2019-09-05,5.26855614,4.46851911,3.01734532,0.64850718,0.51919934
"249",2019-09-06,5.14655931,4.8261736,2.96647435,0.65617435,0.51502234
"250",2019-09-07,4.72482824,4.66459291,2.7884512,0.64700901,0.44442192
"251",2019-09-08,4.47400332,4.40485054,2.64844091,0.66458785,0.43245815
"252",2019-09-09,4.92511032,4.40616206,2.74352432,0.68205957,0.48142027
"253",2019-09-10,5.20448926,4.44177008,2.82324532,0.63304182,0.50773473
"254",2019-09-11,5.38100309,4.53435475,2.89296285,0.62807034,0.51296706
"255",2019-09-12,5.38737955,4.49788925,2.8892171,0.64542425,0.54103301
"256",2019-09-13,5.15066688,4.84816434,2.89570777,0.68039928,0.5453848
"257",2019-09-14,4.61977907,4.68986488,2.76307183,0.65189083,0.4551668
"258",2019-09-15,4.73622196,4.40582597,2.78181346,0.61378707,0.43778515
"259",2019-09-16,5.23347598,4.44666097,2.89701265,0.623099,0.48870832
"260",2019-09-17,5.06357644,4.46108496,2.76888169,0.66210513,0.51562878
"261",2019-09-18,4.95245657,4.54159862,2.76197245,0.70359806,0.51869103
"262",2019-09-19,4.77718256,4.51483376,2.73345266,0.77047423,0.52174626
"263",2019-09-20,4.60341937,4.84673145,2.67685422,0.70952826,0.5296932
"264",2019-09-21,4.25776311,4.64688498,2.57564342,0.63987567,0.45834004
"265",2019-09-22,4.54915544,4.24270658,2.68567725,0.64654147,0.45374875
"266",2019-09-23,5.10298524,4.32667488,2.83401001,0.64188449,0.4864859
"267",2019-09-24,4.75929825,4.36533603,2.72890878,0.63628298,0.51872601
"268",2019-09-25,4.81498945,4.37050365,2.70205441,0.65665084,0.52229392
"269",2019-09-26,4.81898077,4.42828954,2.70222924,0.67063541,0.53894823
"270",2019-09-27,4.61438433,4.74178093,2.58746765,0.72778279,0.53885977
"271",2019-09-28,4.42632289,4.54731231,2.59879939,0.73689463,0.44788992
"272",2019-09-29,4.21681504,4.111365,2.50579298,0.80087064,0.43270715
"273",2019-09-30,4.71937884,4.23211113,2.67493824,0.80468225,0.48930716
"274",2019-10-01,5.01995585,4.87099502,3.11908481,0.66922172,0.49268824
"275",2019-10-02,5.35560906,4.83381571,3.24242027,0.67878603,0.4887811
"276",2019-10-03,4.99318318,4.9280932,3.15494523,0.80071936,0.5115123
"277",2019-10-04,4.53820337,5.2562723,3.05658465,0.89164257,0.51586918
"278",2019-10-05,3.72225305,5.03043094,2.82131942,1.02844967,0.43210196
"279",2019-10-06,3.75138413,4.53243252,2.81327878,0.80499813,0.42514928
"280",2019-10-07,4.21175034,4.71916564,2.94200162,0.74582871,0.4627697
"281",2019-10-08,3.83211496,4.75698116,2.75153314,0.83998311,0.48920736
"282",2019-10-09,3.73843902,4.72420817,2.72461532,0.90460409,0.48985406
"283",2019-10-10,3.93052844,4.82840864,2.84630964,0.88791769,0.50288037
"284",2019-10-11,3.6281558,5.10094667,2.66995499,0.98156243,0.50637417
"285",2019-10-12,3.17720978,4.90071431,2.54551706,1.26364583,0.44419054
"286",2019-10-13,3.28592652,4.35452749,2.60039632,1.1745961,0.42230741
"287",2019-10-14,3.79384276,5.41190196,2.84664149,1.09582772,0.47404412
"288",2019-10-15,3.70404556,4.62908049,2.78543861,1.07296816,0.48645273
"289",2019-10-16,3.85039818,4.59295521,2.80708653,1.09636941,0.49429908
"290",2019-10-17,3.54193615,4.69273059,2.70132709,1.25434462,0.51235966
"291",2019-10-18,3.34347446,4.93268652,2.59905629,1.25678869,0.52203735
"292",2019-10-19,3.43620744,4.72854696,2.69807821,1.2524691,0.44144809
"293",2019-10-20,3.29387259,4.1774699,2.60728985,1.09669272,0.42950626
"294",2019-10-21,3.6045664,4.48513303,2.72922225,0.96799608,0.45982462
"295",2019-10-22,3.66933346,4.54587111,2.72239882,1.01574132,0.50220634
"296",2019-10-23,3.58223302,4.50858289,2.69165776,1.11442489,0.51122359
"297",2019-10-24,3.78233789,4.54677668,2.80911189,1.24946311,0.51640265
"298",2019-10-25,3.77310065,4.76232923,2.79304981,1.31018822,0.50952383
"299",2019-10-26,3.3776007,4.61184027,2.69125976,1.24144023,0.43559949
"300",2019-10-27,3.18605479,4.22900899,2.58977672,1.11948295,0.41510339
"301",2019-10-28,3.92773545,4.44925536,2.92153522,1.30301381,0.45206234
"302",2019-10-29,4.16345197,4.42705474,3.00483671,1.41783166,0.46956681
"303",2019-10-30,4.1129459,4.12184895,3.01784781,1.47485851,0.4674211
"304",2019-10-31,4.23237059,4.49446,3.05008031,1.46967213,0.4586371
"305",2019-11-01,3.95190102,4.83396803,2.83641592,2.17465224,0.47331691
"306",2019-11-02,3.76089908,4.66567686,2.80651364,2.22303362,0.42587079
"307",2019-11-03,3.37434624,4.19998221,2.67835641,2.11521099,0.39252747
"308",2019-11-04,4.0042688,4.5091733,2.84114885,1.89109513,0.47739028
"309",2019-11-05,4.26719499,4.49577709,2.98629324,1.74089575,0.48567835
"310",2019-11-06,4.12450213,4.45942554,2.88628306,1.88241558,0.50020932
"311",2019-11-07,4.31245588,4.55079476,2.98688769,2.07399857,0.50964134
"312",2019-11-08,4.48019833,4.81192447,3.09271224,2.57205786,0.52840109
"313",2019-11-09,4.17015533,4.63984011,2.89960443,2.53690924,0.4547836
"314",2019-11-10,3.71048964,4.31055605,2.73845489,2.04833242,0.41514338
"315",2019-11-11,4.10757221,4.35111186,2.8499046,2.11609623,0.45409738
"316",2019-11-12,5.01422277,4.48117022,3.38816291,2.86166235,0.48789685
"317",2019-11-13,5.20853761,4.59006245,3.36451125,3.2750495,0.5063055
"318",2019-11-14,5.10880706,4.63061697,3.27264364,2.81071334,0.52150774
"319",2019-11-15,4.56553237,4.7188123,3.13827681,2.48511259,0.53398559
"320",2019-11-16,3.96295319,4.66554176,2.8642495,2.43366947,0.44956173
"321",2019-11-17,4.09626032,4.14407196,2.93299969,2.42235117,0.418724
"322",2019-11-18,4.41570884,4.4802932,3.11069324,2.15473198,0.46502958
"323",2019-11-19,4.24589919,4.61764002,2.99314051,2.02498832,0.50734912
"324",2019-11-20,3.86945547,4.51836947,2.80997349,1.9895002,0.52124243
"325",2019-11-21,3.9297547,4.4874652,2.84642112,2.00081461,0.52852881
"326",2019-11-22,4.02567128,4.72222298,2.96849056,2.0919163,0.53800371
"327",2019-11-23,3.76820519,4.52755251,2.90969392,2.44560157,0.48443253
"328",2019-11-24,3.66928388,4.06197565,2.83116935,2.2673624,0.4435828
"329",2019-11-25,3.7611252,4.5061068,2.83894319,2.09911919,0.46345312
"330",2019-11-26,3.67535687,4.64669056,2.7996946,2.04096013,0.50473383
"331",2019-11-27,3.62717942,4.80758497,2.87009711,1.98700335,0.53893007
"332",2019-11-28,3.59554694,4.35316479,2.89403267,2.36044927,0.41709263
"333",2019-11-29,3.67475824,4.68704157,2.86353293,2.56163233,0.30865781
"334",2019-11-30,3.24217478,4.51280341,2.66922595,2.42485462,0.43828305
"335",2019-12-01,3.49948408,4.13844847,2.74901647,2.56482729,0.50648456
"336",2019-12-02,4.36405346,4.30739052,3.07900879,2.80396234,0.51751289
"337",2019-12-03,4.26888339,4.44117846,2.95211388,2.85416663,0.52668052
"338",2019-12-04,4.33064719,4.36952124,2.96918815,2.61192253,0.53305001
"339",2019-12-05,4.0876008,4.39729822,2.86950055,2.48293532,0.54896475
"340",2019-12-06,4.24310841,4.59536566,2.90740291,2.43502057,0.53545734
"341",2019-12-07,3.76387546,4.37834679,2.76510904,2.66216308,0.45028965
"342",2019-12-08,3.73986833,4.12585946,2.6890958,2.61048608,0.41255211
"343",2019-12-09,3.87162231,4.28838798,2.78621382,2.08811782,0.46284077
"344",2019-12-10,4.23583564,4.41288496,3.00565736,2.40257012,0.50765676
"345",2019-12-11,4.602018,4.41852062,3.1049027,3.17148967,0.52993877
"346",2019-12-12,4.62985646,4.53185971,3.09841241,3.10644448,0.54925387
"347",2019-12-13,4.5326021,4.70011298,3.08369972,2.68740023,0.5355891
"348",2019-12-14,4.03874622,4.5298114,2.92705932,2.41771479,0.4575686
"349",2019-12-15,4.03440693,4.01067255,2.90163398,2.70162222,0.40789109
"350",2019-12-16,4.38345718,4.30824588,3.04500302,2.91252561,0.46071871
"351",2019-12-17,4.56173055,4.34897004,3.19619578,3.05440778,0.50523802
"352",2019-12-18,4.81387396,4.40390442,3.02710454,3.38122018,0.53276141
"353",2019-12-19,4.80732847,4.49765634,3.17771349,3.59436454,0.56396739
"354",2019-12-20,4.55423843,4.93550801,3.1444008,3.22796719,0.5725081
"355",2019-12-21,4.05603885,4.66403095,3.02177452,2.96448749,0.54135558
"356",2019-12-22,3.98378354,4.30813095,2.98409908,2.76324195,0.50577256
"357",2019-12-23,3.87541154,4.69974781,2.97664802,2.49491321,0.50187625
"358",2019-12-24,3.35685611,4.37609227,2.72015783,2.41200017,0.48821809
"359",2019-12-25,3.16965388,3.96705802,2.65743292,2.47234665,0.3505323
"360",2019-12-26,3.55511786,4.33122693,2.81650237,2.30806186,0.46227707
"361",2019-12-27,3.51836118,4.50584364,2.77353711,2.24373254,0.53455028
"362",2019-12-28,3.24329521,4.28327581,2.67492457,2.25246984,0.48457691
"363",2019-12-29,3.11559653,3.70602041,2.63724852,2.17428726,0.46192234
"364",2019-12-30,3.48014815,3.66351975,2.84599813,2.36888204,0.46071237
"365",2019-12-31,3.53805443,4.8260558,2.88683092,2.78514573,0.47752894
"366",2020-01-01,3.13138578,3.52301988,2.62316939,2.85183358,0.40139294
"367",2020-01-02,3.64344714,4.42522349,2.792954,2.55558675,0.4825411
"368",2020-01-03,3.6139671,4.61792044,2.78899135,2.25785501,0.52716724
"369",2020-01-04,3.39390755,4.23768692,2.76301918,2.41924933,0.49452746
"370",2020-01-05,3.2653883,3.70875242,2.65992234,2.78381836,0.49154623
"371",2020-01-06,3.78395842,4.34311468,2.8934581,2.76677244,0.49844369
"372",2020-01-07,3.84598431,4.35517544,2.9145828,2.76755004,0.50227641
"373",2020-01-08,3.58305707,4.44102669,2.66911958,3.05621473,0.41671943
"374",2020-01-09,3.67233286,4.48131764,2.78876151,2.95486319,0.49507689
"375",2020-01-10,3.39273952,4.64136922,2.75608916,2.34173163,0.50693854
"376",2020-01-11,3.18389035,4.05621146,2.76550594,2.12134024,0.41066661
"377",2020-01-12,3.3867426,3.68938534,2.86584762,2.3782032,0.41309037
"378",2020-01-13,3.68401792,4.27207588,2.89745351,2.65177251,0.46266701
"379",2020-01-14,3.67122926,4.39653652,2.9301765,2.44686299,0.50643465
"380",2020-01-15,3.30454241,4.4116378,2.66158652,2.39252989,0.50019897
"381",2020-01-16,3.82453235,4.49592873,2.98053214,2.68339419,0.51476247
"382",2020-01-17,4.00340108,4.64053659,2.98319088,3.32701838,0.52886404
"383",2020-01-18,3.71787974,4.09379999,2.84059363,3.16282204,0.42557983
"384",2020-01-19,4.06987783,3.7136307,3.03728949,3.29356995,0.38902166
"385",2020-01-20,5.0902441,4.30824117,3.35657596,3.72959808,0.45912238
"386",2020-01-21,4.85428749,4.39290769,3.16626995,3.71008516,0.5028006
"387",2020-01-22,4.46421292,4.41995962,2.88947995,3.39504657,0.49414026
"388",2020-01-23,4.35823216,4.47616412,3.1226676,2.97931494,0.51452126
"389",2020-01-24,3.98457082,4.71673411,3.04058375,2.64958846,0.52825368
"390",2020-01-25,3.56621429,4.32245058,2.89025306,2.58299595,0.43551467
"391",2020-01-26,3.68706629,3.79118763,2.94333606,2.63698293,0.40684788
"392",2020-01-27,3.92630689,4.33248653,2.96775831,2.68664804,0.4669031
"393",2020-01-28,3.96610607,4.37500703,2.95858721,2.75745329,0.48980911
"394",2020-01-29,4.2829876,4.41989884,3.1860827,2.95070808,0.49543022
"395",2020-01-30,4.27905428,4.6251027,3.26518453,3.09084901,0.52617534
"396",2020-01-31,3.99809731,4.8881483,3.08393555,2.89299546,0.52593829
"397",2020-02-01,3.32357051,4.31443822,2.85019196,2.6007742,0.42658097
"398",2020-02-02,2.92733483,3.6880991,2.62539825,2.31376091,0.38650551
"399",2020-02-03,3.12602824,4.36291505,2.68456177,2.13345996,0.44756368
"400",2020-02-04,3.31962371,4.3992578,2.76656533,2.23781315,0.48898524
"401",2020-02-05,3.86450622,4.32373992,3.07362189,2.73883846,0.4651344
"402",2020-02-06,4.03922202,4.31633967,3.17955619,2.8619022,0.48039817
"403",2020-02-07,3.87644639,4.56319135,3.05482464,2.80556454,0.50374373
"404",2020-02-08,3.62342863,4.20008408,2.86431709,3.00449792,0.43486465
"405",2020-02-09,3.11487575,3.53866915,2.66885206,2.80746467,0.38626768
"406",2020-02-10,3.81225184,4.42106407,3.01503239,2.50404252,0.44902069
"407",2020-02-11,3.78326399,4.46388553,3.0071745,2.46773924,0.47272417
"408",2020-02-12,3.80121882,4.55280588,3.04549025,2.629501,0.47667865
"409",2020-02-13,4.05075033,4.60817691,3.13456592,2.85864015,0.50349083
"410",2020-02-14,4.14190798,5.08414518,3.14410955,3.52953764,0.54971185
"411",2020-02-15,3.70932773,4.71155339,2.87059632,3.43880103,0.45161191
"412",2020-02-16,3.44286272,4.10538826,2.80034359,2.66076757,0.39504223
"413",2020-02-17,3.53373305,3.88242307,2.87392321,2.42625934,0.45251269
"414",2020-02-18,3.60714107,4.5895661,2.84489285,2.31075584,0.49743834
"415",2020-02-19,4.15384055,4.66804803,3.0908149,2.67400311,0.50769458
"416",2020-02-20,4.31442428,4.61862823,3.00655892,3.19014196,0.51291358
"417",2020-02-21,4.20305848,5.02805895,3.01207228,3.35418164,0.52087121
"418",2020-02-22,3.49461259,4.76368404,2.80548714,2.82062226,0.45337963
"419",2020-02-23,3.18398968,3.95813184,2.62391352,2.39757262,0.42095798
"420",2020-02-24,3.52999323,4.25635118,2.81337382,2.22194892,0.46847665
"421",2020-02-25,3.40956013,4.43126118,2.76527465,2.20540738,0.49249165
"422",2020-02-26,3.81293364,4.16679498,2.92329891,2.44126043,0.49878088
"423",2020-02-27,4.12884538,4.42250378,3.08687833,2.81193556,0.52433618
"424",2020-02-28,4.13598553,4.72044851,3.10401014,2.88254907,0.52320783
"425",2020-02-29,3.30268041,4.55339859,2.7117344,2.84857753,0.45052594
"426",2020-03-01,3.03784973,3.8650005,2.57092056,2.4962742,0.4414057
"427",2020-03-02,3.47410517,4.35275918,2.84167876,2.00809655,0.48690555
"428",2020-03-03,3.36944912,4.6963253,2.76683012,1.75213472,0.51600619
"429",2020-03-04,3.36865887,4.79173431,2.77147312,1.8702917,0.51950934
"430",2020-03-05,3.26475849,4.83538019,2.70274424,2.07562636,0.55069666
"431",2020-03-06,3.42137289,5.08425159,2.8387449,2.28115045,0.55370793
"432",2020-03-07,2.93105692,4.79982928,2.57131124,2.43855866,0.49139092
"433",2020-03-08,2.32747278,4.16062261,2.39059579,2.0723093,0.48662349
"434",2020-03-09,3.17715261,4.60482834,2.74288556,1.54857301,0.49725119
"435",2020-03-10,3.47378116,4.64758253,2.92361359,1.5340818,0.52663736
"436",2020-03-11,3.45643419,5.03735964,2.89551618,1.74333461,0.53286787
"437",2020-03-12,3.3161787,5.06932646,2.786726,1.68155574,0.55632341
"438",2020-03-13,3.30180422,5.05092099,2.80421324,1.63319022,0.55233756
"439",2020-03-14,3.46658036,4.461452,2.8834226,2.03275405,0.50050305
"440",2020-03-15,3.47269042,3.54946622,2.85050133,2.24567886,0.46601912
"441",2020-03-16,3.94999195,4.3432532,3.06230789,2.34409578,0.4829515
"442",2020-03-17,3.70825399,4.12262324,2.92595302,2.04668646,0.51342713
"443",2020-03-18,3.53834101,4.12269623,2.70475796,1.91171311,0.4860286
"444",2020-03-19,3.36718107,3.95304186,2.74362541,1.66288667,0.46436038
"445",2020-03-20,3.1892317,3.98962542,2.71988946,1.52050595,0.44287265
"446",2020-03-21,3.32839476,3.30741358,2.84593466,2.18314344,0.39521853
"447",2020-03-22,3.23283333,2.67688142,2.80881448,2.41361235,0.3416095
"448",2020-03-23,3.65749418,3.33210493,2.94638299,2.15814429,0.32376615
"449",2020-03-24,3.42874904,3.32906731,2.88758432,1.95336236,0.35585092
"450",2020-03-25,3.3011861,3.32939297,2.82097897,1.87868583,0.33962876
"451",2020-03-26,3.18641631,3.33652715,2.76955981,1.70941222,0.32694604
"452",2020-03-27,3.14770227,3.34287721,2.77989576,1.51073693,0.29525308
"453",2020-03-28,2.67242913,2.74366394,2.49231636,1.49258468,0.25424745
"454",2020-03-29,2.65495366,2.45408365,2.44774594,1.46852956,0.24725435
"455",2020-03-30,2.8817978,3.20434027,2.56004577,1.59286471,0.23455895
"456",2020-03-31,3.08771576,3.20435261,2.66418493,1.85969245,0.26894418
"457",2020-04-01,2.69163046,3.27658259,2.39212507,1.7233272,0.25809764
"458",2020-04-02,2.70109765,3.32067301,2.45197004,1.59481066,0.23545324
"459",2020-04-03,2.82403892,3.28703262,2.52712308,1.55542161,0.22238993
"460",2020-04-04,2.92672412,2.6919377,2.63782977,1.64382262,0.20060684
"461",2020-04-05,2.71453372,2.45970743,2.45231552,1.4853204,0.18533425
"462",2020-04-06,2.81093243,3.19249883,2.46865297,1.27900138,0.18476776
"463",2020-04-07,2.99488278,3.23553062,2.60979868,1.02940834,0.21354085
"464",2020-04-08,3.13739769,3.245855,2.62158538,0.99909424,0.20863303
"465",2020-04-09,3.00556592,3.25531696,2.54381006,1.37090049,0.2109572
"466",2020-04-10,2.7363606,3.2612224,2.44188092,1.77398014,0.19769957
"467",2020-04-11,2.48999445,2.79774351,2.33863307,1.62039791,0.168762
"468",2020-04-12,2.47725044,2.06951719,2.28625752,1.39915925,0.13963033
"469",2020-04-13,2.87367968,3.12985296,2.45540544,1.46103119,0.15567553
"470",2020-04-14,3.2008936,3.1886746,2.53801592,1.83408749,0.18832772
"471",2020-04-15,3.20838369,3.20926966,2.52248356,1.96893512,0.186641
"472",2020-04-16,2.96933726,3.15350211,2.38758525,1.90775341,0.17884278
"473",2020-04-17,3.00577012,3.31565656,2.4699006,1.84060565,0.16881692
"474",2020-04-18,2.5613924,2.90388668,2.31953639,1.70147309,0.14781836
"475",2020-04-19,2.67267721,2.468252,2.36641825,1.48235752,0.12822895
"476",2020-04-20,2.96244662,3.27704395,2.46270563,1.35351143,0.13726227
"477",2020-04-21,2.89476971,3.44429191,2.47755973,1.36733452,0.17027833
"478",2020-04-22,2.75675629,3.46072727,2.33745836,1.51232981,0.17498504
"479",2020-04-23,3.02939425,3.50912179,2.46036657,1.37116449,0.17856142
"480",2020-04-24,2.87336341,3.58017155,2.35846001,1.27152712,0.17418375
"481",2020-04-25,2.723251,3.07576464,2.34343078,1.218355,0.15559705
"482",2020-04-26,2.49984371,2.74600348,2.18047236,1.23029368,0.13481666
"483",2020-04-27,2.73817608,3.48646186,2.29282243,1.28956425,0.14102009
"484",2020-04-28,2.73770541,3.51856132,2.39039968,1.06087119,0.17534542
"485",2020-04-29,2.66994245,3.52957379,2.33087872,0.98659305,0.18183994
"486",2020-04-30,2.76295311,3.60874341,2.42542423,1.07796485,0.19017
"487",2020-05-01,2.55501988,3.52843262,2.15874094,1.13818611,0.16893983
"488",2020-05-02,2.5174835,3.13489836,2.16275884,0.84957538,0.14297998
"489",2020-05-03,2.69819719,2.77137686,2.25273877,0.71988401,0.13435358
"490",2020-05-04,2.94710624,3.40666283,2.34912658,1.01496317,0.1325782
"491",2020-05-05,3.08325857,3.43213644,2.38025017,1.3498671,0.16223524
"492",2020-05-06,3.10023126,3.46171187,2.37278998,1.41764293,0.17197605
"493",2020-05-07,2.73372729,3.53157639,2.2773413,1.35607567,0.18116769
"494",2020-05-08,2.72377182,3.58522961,2.27749185,1.48068925,0.1768392
"495",2020-05-09,2.69258631,3.22637392,2.22894448,1.87741185,0.15162644
"496",2020-05-10,2.46055296,2.95602607,2.17300831,1.55444618,0.13061636
"497",2020-05-11,2.84157245,3.67604464,2.31255437,1.55055156,0.13710732
"498",2020-05-12,3.00464734,3.77453035,2.42119774,1.60151184,0.16698918
"499",2020-05-13,2.71045846,3.70539188,2.3012355,1.41066679,0.17328973
"500",2020-05-14,2.94520008,3.76396636,2.4427831,1.02164292,0.18347939
"501",2020-05-15,2.99429045,3.81394853,2.43045904,0.69568153,0.17805525
"502",2020-05-16,3.01376879,3.40314889,2.39255455,0.72432026,0.15107902
"503",2020-05-17,2.85610017,3.3266643,2.32850246,0.82593069,0.14041112
"504",2020-05-18,3.10268702,3.99538535,2.44952702,0.86486062,0.14636834
"505",2020-05-19,3.07899046,4.0788399,2.46277946,0.92705742,0.17491077
"506",2020-05-20,2.95854723,4.13394894,2.38346758,1.03315813,0.18775982
"507",2020-05-21,3.08324137,4.26315994,2.38892283,0.97064124,0.1998132
"508",2020-05-22,3.29436351,4.46197978,2.50243804,0.73284453,0.19623734
"509",2020-05-23,2.96626854,3.85445462,2.35294977,0.68143572,0.16133188
"510",2020-05-24,2.93212111,3.24513833,2.33832857,0.75440746,0.13624792
"511",2020-05-25,3.17122569,3.26127545,2.44015017,0.70742948,0.13899445
"512",2020-05-26,3.78690788,3.74021952,2.68921692,0.61819289,0.15820292
"513",2020-05-27,4.03017587,3.89051065,2.78146178,0.58402452,0.19471515
"514",2020-05-28,3.931435,3.87708452,2.7018042,0.57926923,0.19746948
"515",2020-05-29,3.93578061,3.85641615,2.69517587,0.59207571,0.19424674
"516",2020-05-30,3.39299552,3.6031769,2.47360553,0.64371049,0.16448166
"517",2020-05-31,3.04372149,3.31141244,2.35011019,0.769257,0.14958636
"518",2020-06-01,3.38023043,3.99813141,2.26064236,0.96896551,0.19482752
"519",2020-06-02,3.90247145,4.17172345,2.42637843,0.75724903,0.22074796
"520",2020-06-03,4.51864962,4.38623816,2.59692291,0.67536954,0.22896234
"521",2020-06-04,4.65867964,4.33984542,2.59079557,0.66532613,0.24633265
"522",2020-06-05,4.55256978,4.52738466,2.54197222,0.67231171,0.25073258
"523",2020-06-06,3.96256442,3.72980714,2.36360923,0.69711134,0.21398263
"524",2020-06-07,3.65168291,3.74170575,2.27914326,0.76060924,0.20110456
"525",2020-06-08,4.11810392,4.33106623,2.42099511,0.75556435,0.20823887
"526",2020-06-09,4.37098023,4.13879044,2.49359968,0.75177737,0.24504811
"527",2020-06-10,4.37829587,4.19179145,2.47690734,0.70210188,0.25612958
"528",2020-06-11,4.15557619,4.3427853,2.38477636,0.67180103,0.27704323
"529",2020-06-12,4.04148404,4.47106836,2.34170539,0.68824193,0.27295153
"530",2020-06-13,3.32339309,4.22047995,2.16275154,0.81505957,0.23470801
"531",2020-06-14,3.1331816,3.78592919,2.14408973,0.87588702,0.23154619
"532",2020-06-15,3.68685278,4.06731054,2.31923491,0.77297127,0.23756144
"533",2020-06-16,3.70002214,4.18157,2.32631123,0.73392345,0.26030295
"534",2020-06-17,3.72882202,4.31509195,2.29294505,0.71088495,0.26995417
"535",2020-06-18,4.12976866,4.3308612,2.43730524,0.69388147,0.28565542
"536",2020-06-19,4.36621524,4.33560191,2.55461452,0.68780217,0.28113357
"537",2020-06-20,4.23926649,3.9816283,2.49212838,0.67452011,0.24560494
"538",2020-06-21,4.05485535,3.65341064,2.38508072,0.66310458,0.22766945
"539",2020-06-22,4.77317476,4.04472526,2.61491012,0.66613175,0.24368488
"540",2020-06-23,4.74534122,4.21580286,2.61947355,0.6574599,0.2681034
"541",2020-06-24,4.70467787,4.05736493,2.58540554,0.65746656,0.27827411
"542",2020-06-25,4.58165562,4.25432131,2.5802961,0.65591715,0.29400859
"543",2020-06-26,4.47868467,4.34056321,2.57560362,0.65441719,0.29468193
"544",2020-06-27,4.23997748,4.07594352,2.46803851,0.65546171,0.25336916
"545",2020-06-28,4.11260735,3.80901839,2.40141423,0.67197569,0.24008661
"546",2020-06-29,4.5642231,4.02806238,2.5489517,0.69434801,0.24232156
"547",2020-06-30,4.6365969,4.03976111,2.57297161,0.68315308,0.27050058
"548",2020-07-01,4.85128397,4.30860008,2.41327424,0.65428936,0.30004946
"549",2020-07-02,5.01271695,4.7628195,2.44023349,0.64218337,0.32645957
"550",2020-07-03,5.09159065,4.5530457,2.45160218,0.63169571,0.30832835
"551",2020-07-04,4.93881574,3.89526927,2.39456599,0.62371753,0.20422491
"552",2020-07-05,5.0139439,3.90893768,2.41309387,0.62112587,0.23924875
"553",2020-07-06,5.43458622,4.10120608,2.51977974,0.62261285,0.27437864
"554",2020-07-07,5.42148285,4.17807948,2.53288573,0.62891784,0.31318362
"555",2020-07-08,5.45674956,4.25775803,2.5041857,0.62594764,0.32817281
"556",2020-07-09,5.52066327,4.33775221,2.49265315,0.6212388,0.34413974
"557",2020-07-10,5.54507163,4.45073537,2.53126792,0.61726986,0.33949808
"558",2020-07-11,5.16596838,4.06795091,2.49865325,0.61323314,0.30496898
"559",2020-07-12,4.98936701,3.79525201,2.44893183,0.61311235,0.29396366
"560",2020-07-13,5.28958386,4.14218539,2.49018556,0.61898435,0.29588987
"561",2020-07-14,5.30825111,4.13021302,2.50764561,0.62151323,0.31712788
"562",2020-07-15,5.43457394,4.1833493,2.57047178,0.61960745,0.33610047
"563",2020-07-16,5.47649647,4.2538216,2.5745301,0.6130405,0.34943133
"564",2020-07-17,5.42809283,4.31580619,2.52268411,0.61573271,0.34903977
"565",2020-07-18,5.27266118,4.0261608,2.46540983,0.61393283,0.31215803
"566",2020-07-19,5.39522713,3.6928087,2.50976328,0.61096158,0.29081883
"567",2020-07-20,5.89840221,4.05525261,2.59779001,0.61361899,0.29338127
"568",2020-07-21,5.81887971,4.16492381,2.60734218,0.61584663,0.30950332
"569",2020-07-22,5.71793497,4.19822717,2.60575017,0.61723032,0.32758524
"570",2020-07-23,5.4797217,4.19393928,2.53858413,0.62014109,0.34130825
"571",2020-07-24,5.33698429,4.48457788,2.5636817,0.62212705,0.3428753
"572",2020-07-25,5.09839526,4.01981495,2.45033965,0.62523658,0.30703832
"573",2020-07-26,5.27627492,4.22053282,2.48847578,0.61606188,0.28760096
"574",2020-07-27,5.89289137,4.36341025,2.61330101,0.61411265,0.28652893
"575",2020-07-28,5.76754226,4.48965482,2.60831139,0.61601826,0.30895144
"576",2020-07-29,5.70260342,4.43527794,2.58291633,0.61489932,0.27235855
"577",2020-07-30,5.52445249,4.59539904,2.58948488,0.61303902,0.31727761
"578",2020-07-31,5.39688831,4.58732778,2.57109446,0.61598959,0.32826046
"579",2020-08-01,5.01154705,4.04323889,2.62010115,0.60036384,0.30512378
"580",2020-08-02,4.82457744,3.92280352,2.58411719,0.60189542,0.28803382
"581",2020-08-03,5.08754694,4.17639673,2.67313585,0.60894617,0.3008475
"582",2020-08-04,4.87468145,4.09998568,2.58861184,0.61152104,0.30792906
"583",2020-08-05,4.91401783,4.17643798,2.56033513,0.61253758,0.32712847
"584",2020-08-06,4.87479489,4.29448269,2.52238928,0.60423183,0.34232196
"585",2020-08-07,4.85280383,4.34362117,2.47944346,0.61168428,0.34420327
"586",2020-08-08,4.78104192,4.00752169,2.50728626,0.60375939,0.30702048
"587",2020-08-09,4.96309695,4.12495096,2.5461311,0.60334406,0.2956036
"588",2020-08-10,5.63928616,4.34922427,2.7034788,0.59976632,0.29338899
"589",2020-08-11,5.64441331,4.39854022,2.71682328,0.60210485,0.31860306
"590",2020-08-12,5.58357396,4.31394578,2.6905386,0.60834816,0.32839233
"591",2020-08-13,5.61121565,4.48292381,2.71866978,0.61340984,0.34743758
"592",2020-08-14,5.67018624,4.78156934,2.7546626,0.60108784,0.34856168
"593",2020-08-15,5.41813982,4.37493888,2.72383264,0.59493199,0.30837167
"594",2020-08-16,5.12081966,4.350532,2.64017957,0.59292883,0.29845785
"595",2020-08-17,5.39944395,4.52951033,2.69297332,0.59419178,0.30058213
"596",2020-08-18,5.4423337,4.4883667,2.71370272,0.59583527,0.31774567
"597",2020-08-19,5.17669524,4.58367211,2.6318267,0.60069535,0.32259131
"598",2020-08-20,5.03214555,4.64484582,2.58319231,0.60186248,0.34325731
"599",2020-08-21,5.15007127,4.86906959,2.60273414,0.59597118,0.34249618
"600",2020-08-22,5.12185891,4.47089112,2.56142779,0.59835504,0.30190885
"601",2020-08-23,5.21621227,3.70920449,2.60756744,0.5994248,0.29320625
"602",2020-08-24,5.79331694,3.85822099,2.76181048,0.59834669,0.29437149
"603",2020-08-25,5.9042568,4.02450994,2.67701214,0.60087563,0.31076018
"604",2020-08-26,5.61695823,4.01783436,2.49550308,0.60876462,0.30636135
"605",2020-08-27,5.74598814,4.09294048,2.50107605,0.62543342,0.32373502
"606",2020-08-28,5.57383284,4.33269394,2.47429583,0.60890848,0.33290309
"607",2020-08-29,5.02163066,4.03139326,2.34564316,0.6244685,0.29539173
"608",2020-08-30,4.5172441,3.85789471,2.22189787,0.63138683,0.28044747
"609",2020-08-31,4.87933268,4.0491918,2.35389462,0.65657133,0.28679018
"610",2020-09-01,5.26990236,4.21310313,2.81736539,0.59877774,0.3059597
"611",2020-09-02,5.5015462,4.27107282,2.88419506,0.57484921,0.3216305
"612",2020-09-03,5.39165496,4.54269644,2.85085347,0.57183162,0.34807351
"613",2020-09-04,5.31835518,4.69514749,2.82463988,0.58040836,0.35917776
"614",2020-09-05,4.57161587,4.40843419,2.67829923,0.58278612,0.28939296
"615",2020-09-06,4.18875723,3.92873673,2.55443221,0.58528382,0.23849053
"616",2020-09-07,4.29220625,3.97372408,2.58436861,0.58139169,0.28215235
"617",2020-09-08,4.48889871,4.34151065,2.61163267,0.71930888,0.26704539
"618",2020-09-09,4.59408244,4.4195197,2.61773,0.81295235,0.29706991
"619",2020-09-10,4.84622305,4.33902912,2.66987126,0.80378355,0.3318277
"620",2020-09-11,4.80618951,4.68762841,2.73007125,0.74284493,0.32902874
"621",2020-09-12,4.35300545,4.1621712,2.67010799,0.68195567,0.27644521
"622",2020-09-13,4.32702022,3.85319525,2.6525949,0.634651,0.27200242
"623",2020-09-14,4.63649075,4.29333718,2.73118523,0.63559963,0.27814201
"624",2020-09-15,4.41069224,4.3879634,2.68469608,0.77663348,0.28915318
"625",2020-09-16,4.36896536,4.44582292,2.71844033,0.72280827,0.30188266
"626",2020-09-17,4.48092195,4.53031809,2.7277853,0.65710613,0.32232242
"627",2020-09-18,4.08402855,4.81322526,2.61053171,0.78914835,0.33449066
"628",2020-09-19,3.22835717,4.55853701,2.38197763,1.05354266,0.28014412
"629",2020-09-20,3.05339053,3.82722423,2.30544066,1.0546312,0.27835917
"630",2020-09-21,3.57922082,3.84112121,2.45676886,0.99024003,0.27790135
"631",2020-09-22,3.76607321,4.05757359,2.58164237,0.91722672,0.29293213
"632",2020-09-23,3.89181079,4.19443928,2.61602339,0.65899744,0.308066
"633",2020-09-24,3.92730397,4.26475763,2.59847623,0.61568567,0.33647141
"634",2020-09-25,3.84392638,4.55698257,2.48346624,0.61724965,0.33407763
"635",2020-09-26,3.43069323,4.2530715,2.34871056,0.6058391,0.28094111
"636",2020-09-27,3.48613705,3.91378481,2.38736426,0.6369074,0.27774908
"637",2020-09-28,3.73055418,4.05198061,2.44131496,0.77110955,0.22144883
"638",2020-09-29,3.83615698,4.20746748,2.47271866,0.88467732,0.25601742
"639",2020-09-30,3.48927598,4.3278798,2.43786663,0.8559658,0.31070148
"640",2020-10-01,3.56310371,4.47121014,2.77512323,0.8168536,0.32583911
"641",2020-10-02,3.54807559,4.41889989,2.75001721,1.02254654,0.32716478
"642",2020-10-03,3.23806223,4.23465129,2.69232507,1.1003522,0.27534617
"643",2020-10-04,3.12519011,3.91346604,2.72196433,1.07257564,0.27709314
"644",2020-10-05,3.33101589,4.13607241,2.63028589,1.00947066,0.27370277
"645",2020-10-06,3.74909447,4.35355974,2.81281862,0.83761304,0.28918608
"646",2020-10-07,3.87242033,4.50770685,2.84563921,0.59640055,0.2997331
"647",2020-10-08,3.74717113,4.37340244,2.77870304,0.76669621,0.33251978
"648",2020-10-09,3.58950539,4.61171203,2.7498546,0.79327123,0.33176076
"649",2020-10-10,3.4821142,4.2727778,2.72600841,0.59568067,0.2764374
"650",2020-10-11,3.24593807,3.96931146,2.59083769,0.67935627,0.27708565
"651",2020-10-12,3.7186688,4.2805103,2.77672936,0.80074137,0.28791395
"652",2020-10-13,3.73955073,4.3544321,2.71793086,0.88556932,0.30552889
"653",2020-10-14,3.51750531,4.4176013,2.60112293,0.86789041,0.30628074
"654",2020-10-15,3.63966161,4.30698316,2.6235129,0.86439618,0.34352866
"655",2020-10-16,3.63281801,4.62604661,2.60286455,1.15699046,0.34086406
"656",2020-10-17,3.0813866,4.30116478,2.33154043,1.2782611,0.28762209
"657",2020-10-18,3.28388489,3.96167751,2.58765984,1.2099839,0.28962957
"658",2020-10-19,4.15673024,4.29183201,2.95328171,1.19859011,0.29542121
"659",2020-10-20,4.14237544,4.27437209,2.8750721,1.06598851,0.29815616
"660",2020-10-21,4.07123602,4.27311148,2.86492772,0.89332372,0.30833354
"661",2020-10-22,3.90138162,4.47808485,2.76472877,0.84464508,0.33596039
"662",2020-10-23,3.75553201,4.81225517,2.75170973,0.88822671,0.32923274
"663",2020-10-24,3.70081256,4.41183329,2.71107761,1.25055496,0.28752568
"664",2020-10-25,3.48355387,3.94043413,2.59188876,1.54393723,0.27656061
"665",2020-10-26,4.0745073,4.1154145,2.87781584,1.61634832,0.27520762
"666",2020-10-27,4.2150003,4.24591849,2.99214702,1.63914176,0.29265324
"667",2020-10-28,4.05232204,4.28268214,2.84713535,1.51309846,0.29478896
"668",2020-10-29,3.94614636,4.36747242,2.81978864,1.42014648,0.31720606
"669",2020-10-30,3.91099586,4.61807516,2.88788147,1.68224224,0.32574369
"670",2020-10-31,3.18856978,4.33390876,2.59990798,1.75055174,0.25638027
"671",2020-11-01,2.74104897,4.32931383,2.7425566,1.77935494,0.23874068
"672",2020-11-02,3.819598,4.23327737,2.59619011,2.1157876,0.28511991
"673",2020-11-03,3.70403595,3.93851932,2.70552108,1.803112,0.29504326
"674",2020-11-04,3.58223025,3.93473291,2.81778063,1.43380627,0.30275661
"675",2020-11-05,3.72802187,4.34693072,2.66358075,1.13721849,0.34073329
"676",2020-11-06,3.48520929,4.73186311,2.76441303,1.09411492,0.34834691
"677",2020-11-07,2.9569537,4.54973469,2.80192123,1.11318557,0.29061989
"678",2020-11-08,2.89167558,3.96593465,2.71654341,1.13977921,0.28230566
"679",2020-11-09,3.44981562,4.32112965,2.48137421,1.20625972,0.29892953
"680",2020-11-10,3.80129388,4.39359604,2.61456521,1.25839457,0.30079416
"681",2020-11-11,3.96295649,4.35735482,3.01066521,1.47483825,0.30876096
"682",2020-11-12,3.93886414,4.31852892,3.07911796,1.74317667,0.34070983
"683",2020-11-13,3.82653164,4.48225619,3.02034999,2.01915431,0.34993384
"684",2020-11-14,3.24537834,4.16085338,2.88372602,2.02961188,0.29825914
"685",2020-11-15,3.200672,4.10999098,2.64936776,1.77093227,0.28714466
"686",2020-11-16,3.73424576,4.10376323,2.71702967,1.90249963,0.30551864
"687",2020-11-17,3.88346897,4.10841572,2.96156491,2.14232573,0.30845686
"688",2020-11-18,3.58166265,4.25174895,2.873608,2.28545942,0.31745584
"689",2020-11-19,3.5135066,4.33801315,2.66305019,1.97687804,0.35575772
"690",2020-11-20,3.58117216,4.43938217,2.78242461,1.5609435,0.37584246
"691",2020-11-21,3.52627945,4.36999794,2.88088305,1.73167211,0.35918943
"692",2020-11-22,3.33924032,3.72728272,2.76246563,1.9959795,0.32899717
"693",2020-11-23,3.54139525,4.2375019,2.72172065,2.0657231,0.31490349
"694",2020-11-24,3.58557211,4.37854363,2.80324658,2.27660304,0.36653511
"695",2020-11-25,3.66836439,4.40244889,2.70544777,2.06181196,0.38634607
"696",2020-11-26,3.11149269,3.80093116,2.7279204,1.79411373,0.2597819
"697",2020-11-27,3.1315594,4.30090015,2.77742684,1.91603334,0.22660949
"698",2020-11-28,3.18135762,4.03642308,2.74253336,2.11762242,0.32218695
"699",2020-11-29,3.13247038,3.8702338,2.52974144,2.33009154,0.35678669
"700",2020-11-30,3.91753119,4.02931413,2.64670967,2.49763381,0.34959711
"701",2020-12-01,4.26255435,4.2417951,2.9585525,2.80122112,0.36089016
"702",2020-12-02,4.48951316,4.32778585,3.05886186,2.92045442,0.34055975
"703",2020-12-03,4.35281098,4.37079061,2.95972972,2.87158455,0.34331711
"704",2020-12-04,4.32573794,4.48061786,2.89585972,2.56443126,0.34746797
"705",2020-12-05,4.15168057,4.10350707,3.00429581,2.6935128,0.2948265
"706",2020-12-06,4.215452,3.65000191,2.88216087,2.85160201,0.27851165
"707",2020-12-07,4.70457548,3.99191489,2.79248873,2.93326654,0.29562419
"708",2020-12-08,4.75976583,4.11683413,2.79619637,2.89604439,0.31119086
"709",2020-12-09,4.73872165,4.11708019,3.07001025,2.70214357,0.32185177
"710",2020-12-10,4.09641444,4.15509758,3.1189426,2.45605094,0.34846412
"711",2020-12-11,4.02014701,4.23597466,3.18036194,2.35225997,0.34641505
"712",2020-12-12,3.86512966,3.87441808,3.08229289,2.30309653,0.29268841
"713",2020-12-13,3.86820445,3.49143187,2.88205932,2.42991331,0.27190877
"714",2020-12-14,4.5130796,4.02328463,2.77989396,2.96627977,0.30042558
"715",2020-12-15,4.87398753,4.15798212,2.8566487,3.33355125,0.31700392
"716",2020-12-16,5.11078442,4.06040114,2.91410331,3.37796918,0.32657686
"717",2020-12-17,5.01172306,4.15281753,2.93285153,3.35566557,0.35279533
"718",2020-12-18,4.88606398,4.52699333,3.11380872,3.27100689,0.41280674
"719",2020-12-19,4.42354829,4.15626524,3.02827639,3.16255354,0.40186823
"720",2020-12-20,4.0328213,3.37729536,2.94223584,2.92533084,0.37516214
"721",2020-12-21,4.17148259,4.2477117,2.87264132,2.63807858,0.35761785
"722",2020-12-22,3.81021898,4.88867264,2.90898257,2.55605322,0.39425023
"723",2020-12-23,3.70834779,4.89978569,2.76732576,2.50218266,0.40423237
"724",2020-12-24,3.92933586,4.0588605,2.63890131,2.84982933,0.34565935
"725",2020-12-25,4.38426223,2.73878544,2.75162368,3.24283445,0.20963751
"726",2020-12-26,4.35711205,3.84490513,2.72395566,3.4589761,0.29462242
"727",2020-12-27,4.05403363,4.0003978,2.62353051,3.05408958,0.35297395
"728",2020-12-28,4.28214219,4.06262307,2.6432084,2.77904266,0.33639328
"729",2020-12-29,4.05854981,4.18116221,2.85606777,2.99752028,0.36894008
"730",2020-12-30,3.82927035,3.9148087,2.9148178,2.92396421,0.3702401
"731",2020-12-31,3.99459254,3.36086509,2.97058154,2.86949107,0.3702401
